model,mean_mae_train,sd_mae_train,mean_mae_val,sd_mae_val,mean_rmse_train,sd_rmse_train,mean_rmse_val,sd_rmse_val
"SARIMA_(5, 1, 0)_(2, 1, 0, 24)",4.442874078802713,0.2918242582493508,6.7470250920065515,2.0934115553397867,6.146945226429026,0.45192555924582,8.877883200551203,2.5426902897013632
