mae_test,rmse_test
2.052296376872252,4.060807111875652
