mae_test,rmse_test
2.2843607983019534,3.0505544753948506
