mae_test,rmse_test
2.052296384302438,4.060807125857448
