model_number,model,mean_mae_train,sd_mae_train,mean_mae_val,sd_mae_val,mean_rmse_train,sd_rmse_train,mean_rmse_val,sd_rmse_val,MAE_test,RMSE_test
33,"{'ar_layers': [1], 'batch_size': 24, 'epochs': 80, 'learning_rate': 0.15, 'n_lags': 12, 'newer_samples_weight': 4, 'seasonality_reg': 0.5}",3.900761720112392,0.3293265584613424,4.442536408560617,1.6386224378978986,5.3509474924632485,0.4891280416592041,6.025671648979187,2.152203095883254,4.465869426727295,6.176455020904541
28,"{'ar_layers': [1], 'batch_size': 24, 'epochs': 80, 'learning_rate': 0.15, 'n_lags': 12, 'newer_samples_weight': 4, 'seasonality_reg': 0.1}",3.902947306632996,0.330499029831663,4.445270892551967,1.6383656609154584,5.3529108609472,0.4902122430133392,6.028539899417332,2.150131924424399,4.269723415374756,5.7919793128967285
34,"{'ar_layers': [1], 'batch_size': 24, 'epochs': 40, 'learning_rate': 0.15, 'n_lags': 12, 'newer_samples_weight': 4, 'seasonality_reg': 0.1}",3.9158289773123607,0.3216138526775469,4.452027455398015,1.811185546038192,5.369991147518158,0.4852009212288085,6.060869055134909,2.3816831573061377,4.846053600311279,6.806056499481201
1,"{'ar_layers': [1], 'batch_size': 48, 'epochs': 40, 'learning_rate': 0.15, 'n_lags': 12, 'newer_samples_weight': 2, 'seasonality_reg': 0.1}",3.936429333686829,0.3585716530144869,4.453779911994934,1.694404381566208,5.517187108312334,0.5515445157920268,6.077673755373273,2.25951589991619,4.576602458953857,6.164854526519775
21,"{'ar_layers': [1], 'batch_size': 48, 'epochs': 40, 'learning_rate': 0.15, 'n_lags': 12, 'newer_samples_weight': 2, 'seasonality_reg': 0.5}",3.935897098268781,0.3584566581958606,4.45652950661523,1.696994749711035,5.517050898075103,0.5515262934496485,6.079719524724143,2.261414771540817,4.13694953918457,5.808602809906006
