mae_test,rmse_test
4.060424889411552,5.353771786425726
