mae_test,rmse_test
3.6699397572484305,4.578371573399341
