mae_test,rmse_test
4.060424889028842,5.353771785459287
