mae_test,rmse_test
5.354015677171221,7.134621432892786
