mae_test,rmse_test
5.354015678719761,7.134621431356144
