mae_test,rmse_test
4.6851149237688325,5.352117327280935
