mae_test,rmse_test
5.528112617067258,7.489080802230698
