mae_test,rmse_test
5.52811261774951,7.4890808028720475
