mae_test,rmse_test
7.796544165725071,9.13318109570847
